AgentType;TaskName;Distance;Collisions;Collisions_traverse_atrium;Duration;pos0x;pos0y;pos0z;pos1x;pos1y;pos1z;pos2x;pos2y;pos2z;pos3x;pos3y;pos3z;pos4x;pos4y;pos4z;pos5x;pos5y;pos5z;pos6x;pos6y;pos6z;pos7x;pos7y;pos7z;pos8x;pos8y;pos8z
visitor;traverse_atrium;9.597538;0;0;9.007117;8.396147;6.045197;-5.969193;8.270782;6.045197;-7.164105;8.145467;6.045197;-8.358453;8.020232;6.045197;-9.552052;7.896475;6.045197;-10.74449;7.766324;6.045197;-11.93646;7.568118;6.045197;-13.11508;7.158489;6.045197;-14.24463;6.749248;6.045197;-15.37313
visitor;traverse_atrium;8.314056;0;0;7.017207;8.479965;6.045197;-5.170326;8.362958;6.045197;-6.285494;8.237725;6.045197;-7.479099;8.112369;6.045197;-8.673869;7.987111;6.045197;-9.867704;7.863341;6.045197;-11.05887;7.731157;6.045197;-12.25294;7.459765;6.045197;-13.41358;;;
visitor;traverse_atrium;5.923412;0;0;5.017044;8.479954;6.045197;-5.170443;8.362711;6.045197;-6.287888;8.237457;6.045197;-7.481714;8.112105;6.045197;-8.676426;7.986717;6.045197;-9.871401;7.863081;6.045197;-11.06165;;;;;;;;;
visitor;traverse_atrium;3.527453;0;0;3.017724;8.479939;6.045197;-5.170593;8.362489;6.045197;-6.289959;8.2371;6.045197;-7.484935;8.111841;6.045197;-8.678788;;;;;;;;;;;;;;;
visitor;traverse_atrium;1.127536;0;0;1.017694;8.479907;6.045197;-5.170902;8.362239;6.045197;-6.292282;;;;;;;;;;;;;;;;;;;;;
