AgentType;TaskName;Distance;Collisions;Collisions_traverse_atrium;Duration;pos0x;pos0y;pos0z;pos1x;pos1y;pos1z;pos2x;pos2y;pos2z;pos3x;pos3y;pos3z;pos4x;pos4y;pos4z;pos5x;pos5y;pos5z;pos6x;pos6y;pos6z;pos7x;pos7y;pos7z;pos8x;pos8y;pos8z;pos9x;pos9y;pos9z;pos10x;pos10y;pos10z;pos11x;pos11y;pos11z;pos12x;pos12y;pos12z;pos13x;pos13y;pos13z
visitor;traverse_atrium;0.0681892;0;49;14.16971;18.953;5.711864;-8.33;18.953;5.711864;-8.33;18.953;5.711864;-8.33;18.953;5.711864;-8.33;18.953;5.711864;-8.33;18.953;5.711864;-8.33;18.953;5.711864;-8.33;18.953;5.711864;-8.33;18.953;5.711864;-8.33;18.98505;5.761865;-8.2965;18.98505;5.761865;-8.2965;18.98505;5.761865;-8.2965;18.98505;5.761865;-8.2965;18.98505;5.761865;-8.2965
visitor;traverse_atrium;0.1353111;0;49;12.17847;18.953;5.711864;-8.33;18.953;5.711864;-8.33;18.953;5.711864;-8.33;18.953;5.711864;-8.33;18.953;5.711864;-8.33;18.953;5.711864;-8.33;18.953;5.711864;-8.33;18.953;5.711864;-8.33;18.953;5.711864;-8.33;18.953;5.711864;-8.33;19.03872;5.761865;-8.238019;19.03872;5.761865;-8.238019;19.03872;5.761865;-8.238019;;;
visitor;traverse_atrium;0.1099494;0;47;10.1693;18.953;5.711864;-8.33;18.953;5.711864;-8.33;18.953;5.711864;-8.33;18.953;5.711864;-8.33;18.953;5.711864;-8.33;18.953;5.711864;-8.33;18.953;5.711864;-8.33;18.953;5.711864;-8.33;18.953;5.711864;-8.33;18.953;5.711864;-8.33;18.99671;5.761865;-8.242373;;;;;;;;;
visitor;traverse_atrium;0;0;43;8.176826;18.953;5.711864;-8.33;18.953;5.711864;-8.33;18.953;5.711864;-8.33;18.953;5.711864;-8.33;18.953;5.711864;-8.33;18.953;5.711864;-8.33;18.953;5.711864;-8.33;18.953;5.711864;-8.33;18.953;5.711864;-8.33;;;;;;;;;;;;;;;
visitor;traverse_atrium;0;0;37;6.169145;18.953;5.711864;-8.33;18.953;5.711864;-8.33;18.953;5.711864;-8.33;18.953;5.711864;-8.33;18.953;5.711864;-8.33;18.953;5.711864;-8.33;18.953;5.711864;-8.33;;;;;;;;;;;;;;;;;;;;;
visitor;traverse_atrium;0;0;29;4.164863;18.953;5.711864;-8.33;18.953;5.711864;-8.33;18.953;5.711864;-8.33;18.953;5.711864;-8.33;18.953;5.711864;-8.33;;;;;;;;;;;;;;;;;;;;;;;;;;;
visitor;traverse_atrium;0;0;19;2.1693;18.953;5.711864;-8.33;18.953;5.711864;-8.33;18.953;5.711864;-8.33;;;;;;;;;;;;;;;;;;;;;;;;;;;;;;;;;
visitor;traverse_atrium;0;0;7;0.1512194;18.953;5.711864;-8.33;;;;;;;;;;;;;;;;;;;;;;;;;;;;;;;;;;;;;;;
