AgentType;TaskName;Distance;Collisions;Collisions_traverse_atrium;Duration;pos0x;pos0y;pos0z;pos1x;pos1y;pos1z;pos2x;pos2y;pos2z;pos3x;pos3y;pos3z;pos4x;pos4y;pos4z;pos5x;pos5y;pos5z;pos6x;pos6y;pos6z;pos7x;pos7y;pos7z;pos8x;pos8y;pos8z;pos9x;pos9y;pos9z
visitor;traverse_atrium;10.76157;0;0;10.01195;8.391208;6.045197;-6.016356;8.265828;6.045197;-7.211313;8.140602;6.045197;-8.40494;8.015369;6.045197;-9.598525;7.891507;6.045197;-10.79206;7.7609;6.045197;-11.98524;7.553244;6.045197;-13.16047;7.143935;6.045197;-14.28878;6.733857;6.045197;-15.41924;6.354796;6.045197;-16.519
visitor;traverse_atrium;9.519055;0;0;8.020369;8.47998;6.045197;-5.170184;8.363288;6.045197;-6.282527;8.23806;6.045197;-7.4761;8.112542;6.045197;-8.672356;7.987167;6.045197;-9.867256;7.863502;6.045197;-11.05739;7.731467;6.045197;-12.25014;7.460273;6.045197;-13.41302;7.049272;6.045197;-14.54634;;;
visitor;traverse_atrium;7.125923;0;0;6.019146;8.479988;6.045197;-5.170112;8.363159;6.045197;-6.283625;8.23779;6.045197;-7.478531;8.112562;6.045197;-8.672105;7.987314;6.045197;-9.86582;7.863337;6.045197;-11.05851;7.730758;6.045197;-12.25652;;;;;;;;;
visitor;traverse_atrium;4.725132;0;0;4.016579;8.479984;6.045197;-5.170146;8.363448;6.045197;-6.280862;8.238204;6.045197;-7.474572;8.112717;6.045197;-8.670538;7.986927;6.045197;-9.869484;;;;;;;;;;;;;;;
visitor;traverse_atrium;2.325226;0;0;2.016539;8.479983;6.045197;-5.170152;8.36314;6.045197;-6.283731;8.237351;6.045197;-7.482684;;;;;;;;;;;;;;;;;;;;;
visitor;traverse_atrium;0;0;0;0.01688004;8.47993;6.045197;-5.17067;;;;;;;;;;;;;;;;;;;;;;;;;;;
