AgentType;TaskName;Distance;Collisions;Collisions_traverse_atrium;Duration;pos0x;pos0y;pos0z;pos1x;pos1y;pos1z;pos2x;pos2y;pos2z;pos3x;pos3y;pos3z;pos4x;pos4y;pos4z;pos5x;pos5y;pos5z;pos6x;pos6y;pos6z;pos7x;pos7y;pos7z;pos8x;pos8y;pos8z;pos9x;pos9y;pos9z;pos10x;pos10y;pos10z;pos11x;pos11y;pos11z;pos12x;pos12y;pos12z
visitor;traverse_atrium;3.521101;0;25;222.6611;9.135509;1.878241;-7.840533;10.12129;2.56737;-7.824872;11.10576;3.255246;-7.809238;11.6889;3.661867;-7.799996;11.6889;3.661867;-7.799996;11.6889;3.661867;-7.799996;11.6889;3.661867;-7.799996;11.59246;3.546113;-7.802627;11.68206;3.51145;-7.803415;11.68209;3.512063;-7.803401;11.68209;3.512081;-7.803401;11.53235;3.512072;-7.803401;11.53954;3.512087;-7.797918
visitor;traverse_atrium;4.026452;0;24;220.6711;8.480274;1.420196;-7.850943;9.399614;2.063051;-7.836333;10.38492;2.751638;-7.820683;11.36926;3.439254;-7.805056;11.6889;3.661867;-7.799996;11.6889;3.661867;-7.799996;11.6889;3.661867;-7.799996;11.6889;3.661867;-7.799996;11.6889;3.661867;-7.799996;11.6889;3.661867;-7.799996;11.6889;3.661867;-7.799996;11.76352;3.661867;-7.716476;;;
visitor;traverse_atrium;3.954369;0;22;218.6705;8.480322;1.420229;-7.850942;9.4;2.063335;-7.836327;10.38419;2.751158;-7.820694;11.36922;3.439181;-7.805058;11.6889;3.661867;-7.799996;11.6889;3.661867;-7.799996;11.6889;3.661867;-7.799996;11.6889;3.661867;-7.799996;11.6889;3.661867;-7.799996;11.72759;3.661867;-7.789974;;;;;;;;;
visitor;traverse_atrium;3.873393;0;18;216.6699;8.480331;1.420236;-7.850942;9.401054;2.064009;-7.836311;10.36531;2.733574;-7.821094;11.21386;3.462002;-7.804539;11.53867;3.62728;-7.800782;11.53891;3.661867;-7.799996;11.53891;3.661867;-7.799996;11.59031;3.661867;-7.772494;;;;;;;;;;;;;;;
visitor;traverse_atrium;3.826205;0;12;214.6702;8.480509;1.420361;-7.850939;9.403511;2.065722;-7.836272;10.38777;2.712971;-7.821562;11.37889;3.297888;-7.808269;11.68206;3.511402;-7.803416;11.68206;3.511406;-7.803416;;;;;;;;;;;;;;;;;;;;;
visitor;traverse_atrium;2.984096;0;1;212.67;8.480747;1.420527;-7.850935;9.406647;2.067858;-7.836224;10.39796;2.694281;-7.821987;10.99763;3.017324;-7.799394;;;;;;;;;;;;;;;;;;;;;;;;;;;
visitor;traverse_atrium;0.6696879;0;0;210.6709;8.481155;1.420814;-7.850929;9.055111;1.75446;-7.762964;;;;;;;;;;;;;;;;;;;;;;;;;;;;;;;;;
visitor;traverse_atrium;0;0;0;-0.0001831055;;;;;;;;;;;;;;;;;;;;;;;;;;;;;;;;;;;;;;;
