AgentType;TaskName;Distance;Collisions;Collisions_traverse_atrium;Duration;pos0x;pos0y;pos0z;pos1x;pos1y;pos1z;pos2x;pos2y;pos2z;pos3x;pos3y;pos3z;pos4x;pos4y;pos4z;pos5x;pos5y;pos5z;pos6x;pos6y;pos6z;pos7x;pos7y;pos7z
visitor;traverse_atrium;8.378507;0;0;8.054872;5.890129;6.045197;-4.693732;6.630814;6.045197;-5.636333;7.376006;6.045197;-6.582714;7.869409;6.045197;-7.616705;7.860481;6.045197;-8.825016;7.851547;6.045197;-10.03424;7.842707;6.045197;-11.23113;7.833732;6.045197;-12.44605
visitor;traverse_atrium;7.088872;0;0;6.063735;5.4;6.045197;-4.07;6.09208;6.045197;-4.950747;6.838098;6.045197;-5.900131;7.583858;6.045197;-6.847147;7.872551;6.045197;-7.954154;7.862226;6.045197;-9.151039;7.851746;6.045197;-10.36595;;;
visitor;traverse_atrium;4.676891;0;0;4.056712;5.4;6.045197;-4.07;6.095001;6.045197;-4.954463;6.84215;6.045197;-5.905288;7.580914;6.045197;-6.843049;7.875858;6.045197;-7.953522;;;;;;;;;
visitor;traverse_atrium;2.34895;0;0;2.063782;5.401309;6.045197;-4.071666;6.101961;6.045197;-4.963317;6.852628;6.045197;-5.91862;;;;;;;;;;;;;;;
visitor;traverse_atrium;0;0;0;0.04833508;5.4;6.045197;-4.07;;;;;;;;;;;;;;;;;;;;;
