AgentType;TaskName;Distance;Collisions;Collisions_traverse_atrium;Duration;pos0x;pos0y;pos0z;pos1x;pos1y;pos1z;pos2x;pos2y;pos2z;pos3x;pos3y;pos3z;pos4x;pos4y;pos4z;pos5x;pos5y;pos5z
visitor;traverse_atrium;5.929044;0;0;6.035696;4.740413;0.6285307;-4.606074;3.809713;0.6285307;-5.362498;2.874126;0.6285307;-6.121798;1.9464;0.6285307;-6.886163;1.62007;0.6285307;-7.960685;1.623829;0.6285307;-9.160433
visitor;traverse_atrium;4.729041;0;0;4.042243;5.4;0.6285307;-4.07;4.53158;0.6285307;-4.775806;3.594404;0.6285307;-5.537489;2.654823;0.6285307;-6.296477;1.753116;0.6285307;-7.079849;;;
visitor;traverse_atrium;2.326652;0;0;2.036239;5.4;0.6285307;-4.07;4.525503;0.6285307;-4.780746;3.594471;0.6285307;-5.537437;;;;;;;;;
visitor;traverse_atrium;0;0;0;0.03322649;5.4;0.6285307;-4.07;;;;;;;;;;;;;;;
